Em qual estado ou região você mora?  ;  Há quanto tempo você mora nessa região?  ;Você considera sua região suscetível a alagamentos durante períodos de chuva?;Com que frequência ocorrem alagamentos na sua região?  ;Quais locais da sua região costumam alagar?  ;Você ou alguém da sua família já sofreu prejuízos causados por alagamentos?  ;Quais são os principais problemas causados pelas chuvas na sua região?  ;Você costuma receber alertas sobre chuvas fortes ou riscos de alagamento na sua região?  ;Por quais meios você gostaria de receber alertas de risco de alagamento?  ;Com quanto tempo de antecedência um alerta seria útil para você?  ;Quais informações você considera importantes em um alerta de alagamento?  ;Você utilizaria um sistema digital que informasse os níveis de chuva e o risco de alagamento da sua região?  ;Você considera importante a instalação de sensores para monitorar o nível da água em áreas de risco?  ;Você gostaria de receber orientações sobre como agir antes e durante um alagamento?  ;Na sua opinião, o que poderia ser feito para reduzir os alagamentos na sua região?  ;Você tem alguma sugestão para melhorar o monitoramento das chuvas e a segurança dos moradores?  
Bahia;Mais de 10 anos;Sim, frequentemente;Toda vez que chove forte;Ruas e avenidas;Não;Ruas intransitáveis, Interrupção do transporte público, Entrada de água nas residências, Falta de energia elétrica, Acúmulo de lixo e entupimento de bueiros, Risco à segurança dos moradores;Às vezes;Redes sociais;Mais de 1 hora;Localização do risco, Nível da água, Previsão de intensidade da chuva, Ruas interditadas, Rotas alternativas e locais seguros, Orientações de segurança;Sim;Muito importante;Sim;Conscientização pública ;A minha sugestão é que a informacao precisa chegar o mais rapido possivel para todas as pessoas que moram nos lugares de risco
Maranhão ;Mais de 10 anos;Raramente;Raramente;Ruas e avenidas;Não;Risco à segurança dos moradores;Nunca;Redes sociais;Mais de 1 hora;Localização do risco, Ruas interditadas, Orientações de segurança;Sim;Importante;Sim;;
Mato Grosso ;Mais de 10 anos;Raramente;Algumas vezes ao ano;Ruas e avenidas;Sim, danos à residência;Acúmulo de lixo e entupimento de bueiros;Raramente;WhatsApp;Mais de 1 hora;Rotas alternativas e locais seguros;Sim;Muito importante;Sim;Realização de políticas publicas com temas relacionados ao desenvolvimento urbano, com o envolvimento e acompanhamento de prefeitos e vereadores e demais setores de sanemaento básico e infraestrutura.;Sim, criação de trcnologias e sistemas capazes de  avisar de forma antecipada a população local e principalmente aquelas que residem em áreas de alto.risco de desabamentos.
Pará, região Norte;Mais de 10 anos;Raramente;Raramente;Próximo a rios ou córregos;Sim, prejuízos no trabalho ou transporte;Falta de energia elétrica;Nunca;Notificações em um site, Sirene ou alerta sonoro;Mais de 1 hora;Localização do risco, Previsão de intensidade da chuva, Rotas alternativas e locais seguros, Orientações de segurança;Sim;Muito importante;Sim;Uma melhor infra-estrutura, sempre que chove forte as pontes e bueiros são destruídos pela água. ;Não
Itaberaba Bahia ;Mais de 10 anos;Sim, ocasionalmente;Toda vez que chove forte;Ruas e avenidas;Sim, prejuízos no trabalho ou transporte;Ruas intransitáveis, Falta de energia elétrica, Acúmulo de lixo e entupimento de bueiros, Risco à segurança dos moradores;Às vezes;WhatsApp, SMS;Mais de 1 hora;Localização do risco, Nível da água, Orientações de segurança;Sim;Muito importante;Sim;Cuida da parte que sempre alaga , procurando uma solução ;Não 
Rio Grande do Norte;Mais de 10 anos;Não;Nunca;Não alaga;Não;Não alaga;Nunca;WhatsApp, SMS;Não sei informar;Orientações de segurança;Não;Muito importante;Sim;;
Mato Grosso ;Mais de 10 anos;Raramente;Raramente;Ruas e avenidas;Não;Ruas intransitáveis;Raramente;WhatsApp;Mais de 1 hora;Localização do risco, Previsão de intensidade da chuva;Sim;Muito importante;Talvez;Projetos de engenharia pluvial eficiente a capacidade escoamento e pluviosidade da água.;Não, infelizmente!
Itaperuna ;Mais de 10 anos;Sim, frequentemente;Algumas vezes ao ano;Ruas e avenidas;Sim, prejuízos no trabalho ou transporte;Ruas intransitáveis;Às vezes;SMS;Mais de 1 hora;Localização do risco;Talvez;Muito importante;Talvez;Pra resolver o problema dos alagamentos, a gente precisa limpar e dragar com frequência o rio e os valões, melhorar as galerias de água nas ruas, criar áreas verdes que ajudem a absorver a chuva e plantar árvores nos morros e nas margens pra segurar a terra.;terra. Já pra melhorar a segurança e o monitoramento, o caminho é instalar sensores que avisam na hora quando o nível do rio sobe, mandar alertas diretos no celular dos moradores das áreas de risco, e colocar sirenes com rotas de fuga bem sinalizadas junto com treinamentos pra galera saber pra onde ir na emergência.
Itaperuna ;Mais de 10 anos;Sim, ocasionalmente;Frequentemente;Ruas e avenidas;Sim, perda de móveis ou bens;Ruas intransitáveis, Entrada de água nas residências, Falta de energia elétrica, Risco à segurança dos moradores;Às vezes;WhatsApp, Aplicativo para celular;De 30 minutos a 1 hora;Localização do risco, Nível da água, Previsão de intensidade da chuva, Ruas interditadas, Rotas alternativas e locais seguros;Sim;Muito importante;Sim;Ampliação de escoamento ;Aumentar a profundidade do rio
SUDESTE - RJ;Mais de 10 anos;Sim, frequentemente;Algumas vezes ao ano;Próximo a rios ou córregos;Sim, perda de móveis ou bens;Ruas intransitáveis, Interrupção do transporte público, Entrada de água nas residências, Risco à segurança dos moradores;Às vezes;WhatsApp, SMS, Aplicativo para celular;De 30 minutos a 1 hora;Localização do risco, Nível da água, Previsão de intensidade da chuva, Ruas interditadas, Rotas alternativas e locais seguros, Orientações de segurança;Sim;Muito importante;Sim;;
Itaperuna - RJ;Mais de 10 anos;Sim, frequentemente;Algumas vezes ao ano;Várias regiões ;Sim, perda de móveis ou bens;Ruas intransitáveis, Interrupção do transporte público, Entrada de água nas residências, Acúmulo de lixo e entupimento de bueiros, Risco à segurança dos moradores;Às vezes;WhatsApp;Mais de 1 hora;Localização do risco, Nível da água, Previsão de intensidade da chuva, Ruas interditadas, Rotas alternativas e locais seguros, Orientações de segurança;Sim;Muito importante;Sim;Modificar os sistemas de esgoto da Cidade ;Um sistema de disparo de mensagens via whatsapp com todas as informações citadas acima
Itaperuna ;Mais de 10 anos;Sim, frequentemente;Toda vez que chove forte;Todas as opções acima ;Sim, prejuízos no trabalho ou transporte;Ruas intransitáveis, Interrupção do transporte público, Entrada de água nas residências, Acúmulo de lixo e entupimento de bueiros;Sim, frequentemente;WhatsApp, SMS, Sirene ou alerta sonoro;Mais de 1 hora;Localização do risco, Nível da água, Previsão de intensidade da chuva, Ruas interditadas, Rotas alternativas e locais seguros, Orientações de segurança;Sim;Muito importante;Sim;Um bolsão ;Mais estudos para melhorias na região 
Itaperuna ;Mais de 10 anos;Sim, frequentemente;Toda vez que chove forte;Ruas e avenidas;Não;Ruas intransitáveis, Interrupção do transporte público, Entrada de água nas residências, Falta de energia elétrica, Acúmulo de lixo e entupimento de bueiros, Risco à segurança dos moradores;Às vezes;WhatsApp;Mais de 1 hora;Localização do risco, Nível da água, Previsão de intensidade da chuva, Ruas interditadas, Rotas alternativas e locais seguros, Orientações de segurança;Sim;Muito importante;Sim;Mapear a área completamente, onde a água se acúmula,descobrindo os pontos de alagamento.Construir reservatórios de contenção no rio Muriaé.Ampliar galerias e aumentar as tubulações! Além de multas severas para quem descarta o lixo nas ruas! Além da Prefeitura instalar em cada rua uma lixeira alta para cada metro quadrado da rua.Assim, animais não rasgam as sacolas , além de facilitar a coleta.;
